,id,fold
0,1,0
1,2,0
2,3,0
3,4,0
4,5,0
5,6,0
6,7,0
7,8,0
8,9,0
9,10,0
10,11,0
11,12,0
12,13,0
13,14,0
14,15,0
15,16,0
16,17,0
17,18,0
18,19,0
19,20,0
20,21,0
21,22,0
22,23,0
23,24,0
24,25,0
25,26,0
26,27,0
27,28,0
28,29,0
29,30,0
30,31,0
31,32,0
32,33,0
33,34,0
34,35,0
35,36,0
36,37,0
37,38,0
38,39,0
39,40,0
40,41,0
41,42,0
42,43,0
43,44,0
44,45,0
45,46,0
46,47,0
47,48,0
48,49,0
49,50,0
50,51,0
51,52,0
52,53,0
53,54,0
54,55,0
55,56,0
56,57,0
57,58,0
58,59,0
59,60,0
60,61,0
61,62,0
62,63,0
63,64,0
64,65,0
65,66,0
66,67,0
67,68,0
68,69,0
69,70,0
70,71,0
71,72,0
72,73,0
73,74,0
74,75,0
75,76,0
76,77,0
77,78,0
78,79,0
79,80,0
80,81,0
81,82,0
82,83,0
83,84,0
84,85,0
85,86,0
86,87,0
87,88,0
88,89,0
89,90,0
90,91,0
91,92,0
92,93,0
93,94,0
94,95,0
95,96,0
96,97,0
97,98,0
98,99,0
99,100,0
100,101,0
101,102,0
102,103,0
103,104,0
104,105,0
105,106,0
106,107,0
107,108,0
108,109,0
109,110,0
110,111,0
111,112,0
112,113,0
113,114,0
114,115,0
115,116,0
116,117,0
117,118,0
118,119,0
119,120,0
120,121,0
121,122,0
122,123,0
123,124,0
124,125,0
125,126,0
126,127,0
127,128,0
128,129,0
129,130,0
130,131,0
131,132,0
132,133,0
133,134,0
134,135,0
135,136,0
136,137,0
137,138,0
138,139,0
139,140,0
140,141,0
141,142,0
142,143,0
143,144,0
144,145,0
145,146,0
146,147,0
147,148,0
148,149,0
149,150,0
150,151,0
151,152,0
152,153,0
153,154,0
154,155,0
155,156,0
156,157,0
157,158,0
158,159,0
159,160,0
160,161,0
161,162,0
162,163,0
163,164,0
164,165,0
165,166,0
166,167,0
167,168,0
168,169,0
169,170,0
170,171,0
171,172,0
172,173,0
173,174,0
174,175,0
175,176,0
176,177,0
177,178,0
178,179,0
179,180,0
180,181,0
181,182,0
182,183,0
183,184,0
184,185,0
185,186,0
186,187,0
187,188,0
188,189,0
189,190,0
190,191,0
191,192,0
192,193,0
193,194,0
194,195,0
195,196,0
196,197,0
197,198,0
198,199,0
199,200,0
200,201,0
201,202,0
202,203,0
203,204,0
204,205,0
205,206,0
206,207,0
207,208,0
208,209,0
209,210,0
210,211,0
211,212,0
212,213,0
213,214,0
214,215,0
215,216,0
216,217,0
217,218,0
218,219,0
219,220,0
220,221,0
221,222,0
222,223,0
223,224,0
224,225,0
225,226,0
226,227,0
227,228,0
228,229,0
229,230,0
230,231,0
231,232,0
232,233,0
233,234,0
234,235,0
235,236,0
236,237,0
237,238,0
238,239,0
239,240,0
240,241,0
241,242,0
242,243,0
243,244,0
244,245,0
245,246,0
246,247,0
247,248,0
248,249,0
249,250,0
250,251,0
251,252,0
252,253,0
253,254,0
254,255,0
255,256,0
256,257,0
257,258,0
258,259,0
259,260,0
260,261,0
261,262,0
262,263,0
263,264,0
264,265,0
265,266,0
266,267,0
267,268,0
268,269,0
269,270,0
270,271,0
271,272,0
272,273,0
273,274,0
274,275,0
275,276,0
276,277,0
277,278,0
278,279,0
279,280,0
280,281,0
281,282,0
282,283,0
283,284,0
284,285,0
285,286,0
286,287,0
287,288,0
288,289,0
289,290,0
290,291,0
291,292,0
292,293,0
293,294,0
294,295,0
295,296,0
296,297,0
297,298,0
298,299,0
299,300,0
300,301,0
301,302,0
302,303,0
303,304,0
304,305,0
305,306,0
306,307,0
307,308,0
308,309,0
309,310,0
310,311,0
311,312,0
312,313,0
313,314,0
314,315,0
315,316,0
316,317,0
317,318,0
318,319,0
319,320,0
320,321,0
321,322,0
322,323,0
323,324,0
324,325,0
325,326,0
326,327,0
327,328,0
328,329,0
329,330,0
330,331,0
331,332,0
332,333,0
333,334,0
334,335,0
335,336,0
336,337,0
337,338,0
338,339,0
339,340,0
340,341,0
341,342,0
342,343,0
343,344,0
344,345,0
345,346,0
346,347,0
347,348,0
348,349,0
349,350,0
350,351,0
351,352,0
352,353,0
353,354,0
354,355,0
355,356,0
356,357,0
357,358,0
358,359,0
359,360,0
360,361,0
361,362,0
362,363,0
363,364,0
364,365,0
365,366,0
366,367,0
367,368,0
368,369,0
369,370,0
370,371,0
371,372,0
372,373,0
373,374,0
374,375,0
375,376,0
376,377,0
377,378,0
378,379,0
379,380,0
380,381,0
381,382,0
382,383,0
383,384,0
384,385,0
385,386,0
386,387,0
387,388,0
388,389,0
389,390,0
390,391,0
391,392,0
392,393,0
393,394,0
394,395,0
395,396,0
396,397,0
397,398,0
398,399,0
399,400,0
400,401,0
401,402,0
402,403,0
403,404,0
404,405,0
405,406,0
406,407,0
407,408,0
408,409,0
409,410,0
410,411,0
411,412,0
412,413,0
413,414,0
414,415,0
415,416,0
416,417,0
417,418,0
418,419,0
419,420,0
420,421,0
421,422,0
422,423,0
423,424,0
424,425,0
425,426,0
426,427,0
427,428,0
428,429,0
429,430,0
430,431,0
431,432,0
432,433,0
433,434,0
434,435,0
435,436,0
436,437,0
437,438,0
438,439,0
439,440,0
440,441,0
441,442,0
442,443,0
443,444,0
444,445,0
445,446,0
446,447,0
447,448,0
448,449,0
449,450,0
450,451,0
451,452,0
452,453,0
453,454,0
454,455,0
455,456,0
456,457,0
457,458,0
458,459,0
459,460,0
460,461,0
461,462,0
462,463,0
463,464,0
464,465,0
465,466,0
466,467,0
467,468,0
468,469,0
469,470,0
470,471,0
471,472,0
472,473,0
473,474,0
474,475,0
475,476,0
476,477,0
477,478,0
478,479,0
479,480,0
480,481,0
481,482,0
482,483,0
483,484,0
484,485,0
485,486,0
486,487,0
487,488,0
488,489,0
489,490,0
490,491,0
491,492,0
492,493,0
493,494,0
494,495,0
495,496,0
496,497,0
497,498,0
498,499,0
499,500,0
500,501,0
501,502,0
502,503,0
503,504,0
504,505,0
505,506,0
506,507,0
507,508,0
508,509,0
509,510,0
510,511,0
511,512,0
512,513,0
513,514,0
514,515,0
515,516,0
516,517,0
517,518,0
518,519,0
519,520,0
520,521,0
521,522,0
522,523,0
523,524,0
524,525,0
525,526,0
526,527,0
527,528,0
528,529,0
529,530,0
530,531,0
531,532,0
532,533,0
533,534,0
534,535,0
535,536,0
536,537,0
537,538,0
538,539,0
539,540,0
540,541,0
541,542,0
542,543,0
543,544,0
544,545,0
545,546,0
546,547,0
547,548,0
548,549,0
549,550,0
550,551,0
551,552,0
552,553,0
553,554,0
554,555,0
555,556,0
556,557,0
557,558,0
558,559,0
559,560,0
560,561,0
561,562,0
562,563,0
563,564,0
564,565,0
565,566,0
566,567,0
567,568,0
568,569,0
569,570,0
570,571,0
571,572,0
572,573,0
573,574,0
574,575,0
575,576,0
576,577,0
577,578,0
578,579,0
579,580,0
580,581,0
581,582,0
582,583,0
583,584,0
584,585,0
585,586,0
586,587,0
587,588,0
588,589,0
589,590,0
590,591,0
591,592,0
592,593,0
593,594,0
594,595,0
595,596,0
596,597,0
597,598,0
598,599,0
599,600,0
600,601,0
601,602,0
602,603,0
603,604,0
604,605,0
605,606,0
606,607,0
607,608,0
608,609,0
609,610,0
610,611,0
611,612,0
612,613,0
613,614,0
614,615,0
615,616,0
616,617,0
617,618,0
618,619,0
619,620,0
620,621,0
621,622,0
622,623,0
623,624,0
624,625,0
625,626,0
626,627,0
627,628,0
628,629,0
629,630,0
630,631,0
631,632,0
632,633,0
633,634,0
634,635,0
635,636,0
636,637,0
637,638,0
638,639,0
639,640,1
640,641,1
641,642,1
642,643,1
643,644,1
644,645,1
645,646,1
646,647,1
647,648,1
648,649,1
649,650,1
650,651,1
651,652,1
652,653,1
653,654,1
654,655,1
655,656,1
656,657,1
657,658,1
658,659,1
659,660,1
660,661,1
661,662,1
662,663,1
663,664,1
664,665,1
665,666,1
666,667,1
667,668,1
668,669,1
669,670,1
670,671,1
671,672,1
672,673,1
673,674,1
674,675,1
675,676,1
676,677,1
677,678,1
678,679,1
679,680,1
680,681,1
681,682,1
682,683,1
683,684,1
684,685,1
685,686,1
686,687,1
687,688,1
688,689,1
689,690,1
690,691,1
691,692,1
692,693,1
693,694,1
694,695,1
695,696,1
696,697,1
697,698,1
698,699,1
699,700,1
700,701,1
701,702,1
702,703,1
703,704,1
704,705,1
705,706,1
706,707,1
707,708,1
708,709,1
709,710,1
710,711,1
711,712,1
712,713,1
713,714,1
714,715,1
715,716,1
716,717,1
717,718,1
718,719,1
719,720,1
720,721,1
721,722,1
722,723,1
723,724,1
724,725,1
725,726,1
726,727,1
727,728,1
728,729,1
729,730,1
730,731,1
731,732,1
732,733,1
733,734,1
734,735,1
735,736,1
736,737,1
737,738,1
738,739,1
739,740,1
740,741,1
741,742,1
742,743,1
743,744,1
744,745,1
745,746,1
746,747,1
747,748,1
748,749,1
749,750,1
750,751,1
751,752,1
752,753,1
753,754,1
754,755,1
755,756,1
756,757,1
757,758,1
758,759,1
759,760,1
760,761,1
761,762,1
762,763,1
763,764,1
764,765,1
765,766,1
766,767,1
767,768,1
768,769,1
769,770,1
770,771,1
771,772,1
772,773,1
773,774,1
774,775,1
775,776,1
776,777,1
777,778,1
778,779,1
779,780,1
780,781,1
781,782,1
782,783,1
783,784,1
784,785,1
785,786,1
786,787,1
787,788,1
788,789,1
789,790,1
790,791,1
791,792,1
792,793,1
793,794,1
794,795,1
795,796,1
796,797,1
797,798,1
798,799,1
799,800,1
800,801,1
801,802,1
802,803,1
803,804,1
804,805,1
805,806,1
806,807,1
807,808,1
808,809,1
809,810,1
810,811,1
811,812,1
812,813,1
813,814,1
814,815,1
815,816,1
816,817,1
817,818,1
818,819,1
819,820,1
820,821,1
821,822,1
822,823,1
823,824,1
824,825,1
825,826,1
826,827,1
827,828,1
828,829,1
829,830,1
830,831,1
831,832,1
832,833,1
833,834,1
834,835,1
835,836,1
836,837,1
837,838,1
838,839,1
839,840,1
840,841,1
841,842,1
842,843,1
843,844,1
844,845,1
845,846,1
846,847,1
847,848,1
848,849,1
849,850,1
850,851,1
851,852,1
852,853,1
853,854,1
854,855,1
855,856,1
856,857,1
857,858,1
858,859,1
859,860,1
860,861,1
861,862,1
862,863,1
863,864,1
864,865,1
865,866,1
866,867,1
867,868,1
868,869,1
869,870,1
870,871,1
871,872,1
872,873,1
873,874,1
874,875,1
875,876,1
876,877,1
877,878,1
878,879,1
879,880,1
880,881,1
881,882,1
882,883,1
883,884,1
884,885,1
885,886,1
886,887,1
887,888,1
888,889,1
889,890,1
890,891,1
891,892,1
892,893,1
893,894,1
894,895,1
895,896,1
896,897,1
897,898,1
898,899,1
899,900,1
900,901,1
901,902,1
902,903,1
903,904,1
904,905,1
905,906,1
906,907,1
907,908,1
908,909,1
909,910,1
910,911,1
911,912,1
912,913,1
913,914,1
914,915,1
915,916,1
916,917,1
917,918,1
918,919,1
919,920,1
920,921,1
921,922,1
922,923,1
923,924,1
924,925,1
925,926,1
926,927,1
927,928,1
928,929,1
929,930,1
930,931,1
931,932,1
932,933,1
933,934,1
934,935,1
935,936,1
936,937,1
937,938,1
938,939,1
939,940,1
940,941,1
941,942,1
942,943,1
943,944,1
944,945,1
945,946,1
946,947,1
947,948,1
948,949,1
949,950,1
950,951,1
951,952,1
952,953,1
953,954,1
954,955,1
955,956,1
956,957,1
957,958,1
958,959,1
959,960,1
960,961,1
961,962,1
962,963,1
963,964,1
964,965,1
965,966,1
966,967,1
967,968,1
968,969,1
969,970,1
970,971,1
971,972,1
972,973,1
973,974,1
974,975,1
975,976,1
976,977,1
977,978,1
978,979,1
979,980,1
980,981,1
981,982,1
982,983,1
983,984,1
984,985,1
985,986,1
986,987,1
987,988,1
988,989,1
989,990,1
990,991,1
991,992,1
992,993,1
993,994,1
994,995,1
995,996,1
996,997,1
997,998,1
998,999,1
999,1000,1
1000,1001,1
1001,1002,1
1002,1003,1
1003,1004,1
1004,1005,1
1005,1006,1
1006,1007,1
1007,1008,1
1008,1009,1
1009,1010,1
1010,1011,1
1011,1012,1
1012,1013,1
1013,1014,1
1014,1015,1
1015,1016,1
1016,1017,1
1017,1018,1
1018,1019,1
1019,1020,1
1020,1021,1
1021,1022,1
1022,1023,1
1023,1024,1
1024,1025,1
1025,1026,1
1026,1027,1
1027,1028,1
1028,1029,1
1029,1030,1
1030,1031,1
1031,1032,1
1032,1033,1
1033,1034,1
1034,1035,1
1035,1036,1
1036,1037,1
1037,1038,1
1038,1039,1
1039,1040,1
1040,1041,1
1041,1042,1
1042,1043,1
1043,1044,1
1044,1045,1
1045,1046,1
1046,1047,1
1047,1048,1
1048,1049,1
1049,1050,1
1050,1051,1
1051,1052,1
1052,1053,1
1053,1054,1
1054,1055,1
1055,1056,1
1056,1057,1
1057,1058,1
1058,1059,1
1059,1060,1
1060,1061,1
1061,1062,1
1062,1063,1
1063,1064,1
1064,1065,1
1065,1066,1
1066,1067,1
1067,1068,1
1068,1069,1
1069,1070,1
1070,1071,1
1071,1072,1
1072,1073,1
1073,1074,1
1074,1075,1
1075,1076,1
1076,1077,1
1077,1078,1
1078,1079,1
1079,1080,1
1080,1081,1
1081,1082,1
1082,1083,1
1083,1084,1
1084,1085,1
1085,1086,1
1086,1087,1
1087,1088,1
1088,1089,1
1089,1090,1
1090,1091,1
1091,1092,1
1092,1093,1
1093,1094,1
1094,1095,1
1095,1096,1
1096,1097,1
1097,1098,1
1098,1099,1
1099,1100,1
1100,1101,1
1101,1102,1
1102,1103,1
1103,1104,1
1104,1105,1
1105,1106,1
1106,1107,1
1107,1108,1
1108,1109,1
1109,1110,1
1110,1111,1
1111,1112,1
1112,1113,1
1113,1114,1
1114,1115,1
1115,1116,1
1116,1117,1
1117,1118,1
1118,1119,1
1119,1120,1
1120,1121,1
1121,1122,1
1122,1123,1
1123,1124,1
1124,1125,1
1125,1126,1
1126,1127,1
1127,1128,1
1128,1129,1
1129,1130,1
1130,1131,1
1131,1132,1
1132,1133,1
1133,1134,1
1134,1135,1
1135,1136,1
1136,1137,1
1137,1138,1
1138,1139,1
1139,1140,1
1140,1141,1
1141,1142,1
1142,1143,1
1143,1144,1
1144,1145,1
1145,1146,1
1146,1147,1
1147,1148,1
1148,1149,1
1149,1150,1
1150,1151,1
1151,1152,1
1152,1153,1
1153,1154,1
1154,1155,1
1155,1156,1
1156,1157,1
1157,1158,1
1158,1159,1
1159,1160,1
1160,1161,1
1161,1162,1
1162,1163,1
1163,1164,1
1164,1165,1
1165,1166,1
1166,1167,1
1167,1168,1
1168,1169,1
1169,1170,1
1170,1171,1
1171,1172,1
1172,1173,1
1173,1174,1
1174,1175,1
1175,1176,1
1176,1177,1
1177,1178,1
1178,1179,1
1179,1180,1
1180,1181,1
1181,1182,1
1182,1183,1
1183,1184,1
1184,1185,1
1185,1186,1
1186,1187,1
1187,1188,1
1188,1189,1
1189,1190,1
1190,1191,1
1191,1192,1
1192,1193,1
1193,1194,1
1194,1195,1
1195,1196,1
1196,1197,1
1197,1198,1
1198,1199,1
1199,1200,1
1200,1201,1
1201,1202,1
1202,1203,1
1203,1204,1
1204,1205,1
1205,1206,1
1206,1207,1
1207,1208,1
1208,1209,1
1209,1210,1
1210,1211,1
1211,1212,1
1212,1213,1
1213,1214,1
1214,1215,1
1215,1216,1
1216,1217,1
1217,1218,1
1218,1219,1
1219,1220,1
1220,1221,1
1221,1222,1
1222,1223,1
1223,1224,1
1224,1225,1
1225,1226,1
1226,1227,1
1227,1228,1
1228,1229,1
1229,1230,1
1230,1231,1
1231,1232,1
1232,1233,1
1233,1234,1
1234,1235,1
1235,1236,1
1236,1237,1
1237,1238,1
1238,1239,1
1239,1240,1
1240,1241,1
1241,1242,1
1242,1243,1
1243,1244,1
1244,1245,1
1245,1246,1
1246,1247,1
1247,1248,1
1248,1249,1
1249,1250,1
1250,1251,1
1251,1252,1
1252,1253,1
1253,1254,1
1254,1255,1
1255,1256,1
1256,1257,1
1257,1258,1
1258,1259,1
1259,1260,1
1260,1261,1
1261,1262,1
1262,1263,1
1263,1264,1
1264,1265,1
1265,1266,1
1266,1267,1
1267,1268,1
1268,1269,1
1269,1270,1
1270,1271,1
1271,1272,1
1272,1273,1
1273,1274,1
1274,1275,1
1275,1276,1
1276,1277,1
1277,1278,2
1278,1279,2
1279,1280,2
1280,1281,2
1281,1282,2
1282,1283,2
1283,1284,2
1284,1285,2
1285,1286,2
1286,1287,2
1287,1288,2
1288,1289,2
1289,1290,2
1290,1291,2
1291,1292,2
1292,1293,2
1293,1294,2
1294,1295,2
1295,1296,2
1296,1297,2
1297,1298,2
1298,1299,2
1299,1300,2
1300,1301,2
1301,1302,2
1302,1303,2
1303,1304,2
1304,1305,2
1305,1306,2
1306,1307,2
1307,1308,2
1308,1309,2
1309,1310,2
1310,1311,2
1311,1312,2
1312,1313,2
1313,1314,2
1314,1315,2
1315,1316,2
1316,1317,2
1317,1318,2
1318,1319,2
1319,1320,2
1320,1321,2
1321,1322,2
1322,1323,2
1323,1324,2
1324,1325,2
1325,1326,2
1326,1327,2
1327,1328,2
1328,1329,2
1329,1330,2
1330,1331,2
1331,1332,2
1332,1333,2
1333,1334,2
1334,1335,2
1335,1336,2
1336,1337,2
1337,1338,2
1338,1339,2
1339,1340,2
1340,1341,2
1341,1342,2
1342,1343,2
1343,1344,2
1344,1345,2
1345,1346,2
1346,1347,2
1347,1348,2
1348,1349,2
1349,1350,2
1350,1351,2
1351,1352,2
1352,1353,2
1353,1354,2
1354,1355,2
1355,1356,2
1356,1357,2
1357,1358,2
1358,1359,2
1359,1360,2
1360,1361,2
1361,1362,2
1362,1363,2
1363,1364,2
1364,1365,2
1365,1366,2
1366,1367,2
1367,1368,2
1368,1369,2
1369,1370,2
1370,1371,2
1371,1372,2
1372,1373,2
1373,1374,2
1374,1375,2
1375,1376,2
1376,1377,2
1377,1378,2
1378,1379,2
1379,1380,2
1380,1381,2
1381,1382,2
1382,1383,2
1383,1384,2
1384,1385,2
1385,1386,2
1386,1387,2
1387,1388,2
1388,1389,2
1389,1390,2
1390,1391,2
1391,1392,2
1392,1393,2
1393,1394,2
1394,1395,2
1395,1396,2
1396,1397,2
1397,1398,2
1398,1399,2
1399,1400,2
1400,1401,2
1401,1402,2
1402,1403,2
1403,1404,2
1404,1405,2
1405,1406,2
1406,1407,2
1407,1408,2
1408,1409,2
1409,1410,2
1410,1411,2
1411,1412,2
1412,1413,2
1413,1414,2
1414,1415,2
1415,1416,2
1416,1417,2
1417,1418,2
1418,1419,2
1419,1420,2
1420,1421,2
1421,1422,2
1422,1423,2
1423,1424,2
1424,1425,2
1425,1426,2
1426,1427,2
1427,1428,2
1428,1429,2
1429,1430,2
1430,1431,2
1431,1432,2
1432,1433,2
1433,1434,2
1434,1435,2
1435,1436,2
1436,1437,2
1437,1438,2
1438,1439,2
1439,1440,2
1440,1441,2
1441,1442,2
1442,1443,2
1443,1444,2
1444,1445,2
1445,1446,2
1446,1447,2
1447,1448,2
1448,1449,2
1449,1450,2
1450,1451,2
1451,1452,2
1452,1453,2
1453,1454,2
1454,1455,2
1455,1456,2
1456,1457,2
1457,1458,2
1458,1459,2
1459,1460,2
1460,1461,2
1461,1462,2
1462,1463,2
1463,1464,2
1464,1465,2
1465,1466,2
1466,1467,2
1467,1468,2
1468,1469,2
1469,1470,2
1470,1471,2
1471,1472,2
1472,1473,2
1473,1474,2
1474,1475,2
1475,1476,2
1476,1477,2
1477,1478,2
1478,1479,2
1479,1480,2
1480,1481,2
1481,1482,2
1482,1483,2
1483,1484,2
1484,1485,2
1485,1486,2
1486,1487,2
1487,1488,2
1488,1489,2
1489,1490,2
1490,1491,2
1491,1492,2
1492,1493,2
1493,1494,2
1494,1495,2
1495,1496,2
1496,1497,2
1497,1498,2
1498,1499,2
1499,1500,2
1500,1501,2
1501,1502,2
1502,1503,2
1503,1504,2
1504,1505,2
1505,1506,2
1506,1507,2
1507,1508,2
1508,1509,2
1509,1510,2
1510,1511,2
1511,1512,2
1512,1513,2
1513,1514,2
1514,1515,2
1515,1516,2
1516,1517,2
1517,1518,2
1518,1519,2
1519,1520,2
1520,1521,2
1521,1522,2
1522,1523,2
1523,1524,2
1524,1525,2
1525,1526,2
1526,1527,2
1527,1528,2
1528,1529,2
1529,1530,2
1530,1531,2
1531,1532,2
1532,1533,2
1533,1534,2
1534,1535,2
1535,1536,2
1536,1537,2
1537,1538,2
1538,1539,2
1539,1540,2
1540,1541,2
1541,1542,2
1542,1543,2
1543,1544,2
1544,1545,2
1545,1546,2
1546,1547,2
1547,1548,2
1548,1549,2
1549,1550,2
1550,1551,2
1551,1552,2
1552,1553,2
1553,1554,2
1554,1555,2
1555,1556,2
1556,1557,2
1557,1558,2
1558,1559,2
1559,1560,2
1560,1561,2
1561,1562,2
1562,1563,2
1563,1564,2
1564,1565,2
1565,1566,2
1566,1567,2
1567,1568,2
1568,1569,2
1569,1570,2
1570,1571,2
1571,1572,2
1572,1573,2
1573,1574,2
1574,1575,2
1575,1576,2
1576,1577,2
1577,1578,2
1578,1579,2
1579,1580,2
1580,1581,2
1581,1582,2
1582,1583,2
1583,1584,2
1584,1585,2
1585,1586,2
1586,1587,2
1587,1588,2
1588,1589,2
1589,1590,2
1590,1591,2
1591,1592,2
1592,1593,2
1593,1594,2
1594,1595,2
1595,1596,2
1596,1597,2
1597,1598,2
1598,1599,2
1599,1600,2
1600,1601,2
1601,1602,2
1602,1603,2
1603,1604,2
1604,1605,2
1605,1606,2
1606,1607,2
1607,1608,2
1608,1609,2
1609,1610,2
1610,1611,2
1611,1612,2
1612,1613,2
1613,1614,2
1614,1615,2
1615,1616,2
1616,1617,2
1617,1618,2
1618,1619,2
1619,1620,2
1620,1621,2
1621,1622,2
1622,1623,2
1623,1624,2
1624,1625,2
1625,1626,2
1626,1627,2
1627,1628,2
1628,1629,2
1629,1630,2
1630,1631,2
1631,1632,2
1632,1633,2
1633,1634,2
1634,1635,2
1635,1636,2
1636,1637,2
1637,1638,2
1638,1639,2
1639,1640,2
1640,1641,2
1641,1642,2
1642,1643,2
1643,1644,2
1644,1645,2
1645,1646,2
1646,1647,2
1647,1648,2
1648,1649,2
1649,1650,2
1650,1651,2
1651,1652,2
1652,1653,2
1653,1654,2
1654,1655,2
1655,1656,2
1656,1657,2
1657,1658,2
1658,1659,2
1659,1660,2
1660,1661,2
1661,1662,2
1662,1663,2
1663,1664,2
1664,1665,2
1665,1666,2
1666,1667,2
1667,1668,2
1668,1669,2
1669,1670,2
1670,1671,2
1671,1672,2
1672,1673,2
1673,1674,2
1674,1675,2
1675,1676,2
1676,1677,2
1677,1678,2
1678,1679,2
1679,1680,2
1680,1681,2
1681,1682,2
1682,1683,2
1683,1684,2
1684,1685,2
1685,1686,2
1686,1687,2
1687,1688,2
1688,1689,2
1689,1690,2
1690,1691,2
1691,1692,2
1692,1693,2
1693,1694,2
1694,1695,2
1695,1696,2
1696,1697,2
1697,1698,2
1698,1699,2
1699,1700,2
1700,1701,2
1701,1702,2
1702,1703,2
1703,1704,2
1704,1705,2
1705,1706,2
1706,1707,2
1707,1708,2
1708,1709,2
1709,1710,2
1710,1711,2
1711,1712,2
1712,1713,2
1713,1714,2
1714,1715,2
1715,1716,2
1716,1717,2
1717,1718,2
1718,1719,2
1719,1720,2
1720,1721,2
1721,1722,2
1722,1723,2
1723,1724,2
1724,1725,2
1725,1726,2
1726,1727,2
1727,1728,2
1728,1729,2
1729,1730,2
1730,1731,2
1731,1732,2
1732,1733,2
1733,1734,2
1734,1735,2
1735,1736,2
1736,1737,2
1737,1738,2
1738,1739,2
1739,1740,2
1740,1741,2
1741,1742,2
1742,1743,2
1743,1744,2
1744,1745,2
1745,1746,2
1746,1747,2
1747,1748,2
1748,1749,2
1749,1750,2
1750,1751,2
1751,1752,2
1752,1753,2
1753,1754,2
1754,1755,2
1755,1756,2
1756,1757,2
1757,1758,2
1758,1759,2
1759,1760,2
1760,1761,2
1761,1762,2
1762,1763,2
1763,1764,2
1764,1765,2
1765,1766,2
1766,1767,2
1767,1768,2
1768,1769,2
1769,1770,2
1770,1771,2
1771,1772,2
1772,1773,2
1773,1774,2
1774,1775,2
1775,1776,2
1776,1777,2
1777,1778,2
1778,1779,2
1779,1780,2
1780,1781,2
1781,1782,2
1782,1783,2
1783,1784,2
1784,1785,2
1785,1786,2
1786,1787,2
1787,1788,2
1788,1789,2
1789,1790,2
1790,1791,2
1791,1792,2
1792,1793,2
1793,1794,2
1794,1795,2
1795,1796,2
1796,1797,2
1797,1798,2
1798,1799,2
1799,1800,2
1800,1801,2
1801,1802,2
1802,1803,2
1803,1804,2
1804,1805,2
1805,1806,2
1806,1807,2
1807,1808,2
1808,1809,2
1809,1810,2
1810,1811,2
1811,1812,2
1812,1813,2
1813,1814,2
1814,1815,2
1815,1816,2
1816,1817,2
1817,1818,2
1818,1819,2
1819,1820,2
1820,1821,2
1821,1822,2
1822,1823,2
1823,1824,2
1824,1825,2
1825,1826,2
1826,1827,2
1827,1828,2
1828,1829,2
1829,1830,2
1830,1831,2
1831,1832,2
1832,1833,2
1833,1834,2
1834,1835,2
1835,1836,2
1836,1837,2
1837,1838,2
1838,1839,2
1839,1840,2
1840,1841,2
1841,1842,2
1842,1843,2
1843,1844,2
1844,1845,2
1845,1846,2
1846,1847,2
1847,1848,2
1848,1849,2
1849,1850,2
1850,1851,2
1851,1852,2
1852,1853,2
1853,1854,2
1854,1855,2
1855,1856,2
1856,1857,2
1857,1858,2
1858,1859,2
1859,1860,2
1860,1861,2
1861,1862,2
1862,1863,2
1863,1864,2
1864,1865,2
1865,1866,2
1866,1867,2
1867,1868,2
1868,1869,2
1869,1870,2
1870,1871,2
1871,1872,2
1872,1873,2
1873,1874,2
1874,1875,2
1875,1876,2
1876,1877,2
1877,1878,2
1878,1879,2
1879,1880,2
1880,1881,2
1881,1882,2
1882,1883,2
1883,1884,2
1884,1885,2
1885,1886,2
1886,1887,2
1887,1888,2
1888,1889,2
1889,1890,2
1890,1891,2
1891,1892,2
1892,1893,2
1893,1894,2
1894,1895,2
1895,1896,2
1896,1897,2
1897,1898,2
1898,1899,2
1899,1900,2
1900,1901,2
1901,1902,2
1902,1903,2
1903,1904,2
1904,1905,2
1905,1906,2
1906,1907,2
1907,1908,2
1908,1909,2
1909,1910,2
1910,1911,2
1911,1912,2
1912,1913,2
1913,1914,2
1914,1915,2
1915,1916,3
1916,1917,3
1917,1918,3
1918,1919,3
1919,1920,3
1920,1921,3
1921,1922,3
1922,1923,3
1923,1924,3
1924,1925,3
1925,1926,3
1926,1927,3
1927,1928,3
1928,1929,3
1929,1930,3
1930,1931,3
1931,1932,3
1932,1933,3
1933,1934,3
1934,1935,3
1935,1936,3
1936,1937,3
1937,1938,3
1938,1939,3
1939,1940,3
1940,1941,3
1941,1942,3
1942,1943,3
1943,1944,3
1944,1945,3
1945,1946,3
1946,1947,3
1947,1948,3
1948,1949,3
1949,1950,3
1950,1951,3
1951,1952,3
1952,1953,3
1953,1954,3
1954,1955,3
1955,1956,3
1956,1957,3
1957,1958,3
1958,1959,3
1959,1960,3
1960,1961,3
1961,1962,3
1962,1963,3
1963,1964,3
1964,1965,3
1965,1966,3
1966,1967,3
1967,1968,3
1968,1969,3
1969,1970,3
1970,1971,3
1971,1972,3
1972,1973,3
1973,1974,3
1974,1975,3
1975,1976,3
1976,1977,3
1977,1978,3
1978,1979,3
1979,1980,3
1980,1981,3
1981,1982,3
1982,1983,3
1983,1984,3
1984,1985,3
1985,1986,3
1986,1987,3
1987,1988,3
1988,1989,3
1989,1990,3
1990,1991,3
1991,1992,3
1992,1993,3
1993,1994,3
1994,1995,3
1995,1996,3
1996,1997,3
1997,1998,3
1998,1999,3
1999,2000,3
2000,2001,3
2001,2002,3
2002,2003,3
2003,2004,3
2004,2005,3
2005,2006,3
2006,2007,3
2007,2008,3
2008,2009,3
2009,2010,3
2010,2011,3
2011,2012,3
2012,2013,3
2013,2014,3
2014,2015,3
2015,2016,3
2016,2017,3
2017,2018,3
2018,2019,3
2019,2020,3
2020,2021,3
2021,2022,3
2022,2023,3
2023,2024,3
2024,2025,3
2025,2026,3
2026,2027,3
2027,2028,3
2028,2029,3
2029,2030,3
2030,2031,3
2031,2032,3
2032,2033,3
2033,2034,3
2034,2035,3
2035,2036,3
2036,2037,3
2037,2038,3
2038,2039,3
2039,2040,3
2040,2041,3
2041,2042,3
2042,2043,3
2043,2044,3
2044,2045,3
2045,2046,3
2046,2047,3
2047,2048,3
2048,2049,3
2049,2050,3
2050,2051,3
2051,2052,3
2052,2053,3
2053,2054,3
2054,2055,3
2055,2056,3
2056,2057,3
2057,2058,3
2058,2059,3
2059,2060,3
2060,2061,3
2061,2062,3
2062,2063,3
2063,2064,3
2064,2065,3
2065,2066,3
2066,2067,3
2067,2068,3
2068,2069,3
2069,2070,3
2070,2071,3
2071,2072,3
2072,2073,3
2073,2074,3
2074,2075,3
2075,2076,3
2076,2077,3
2077,2078,3
2078,2079,3
2079,2080,3
2080,2081,3
2081,2082,3
2082,2083,3
2083,2084,3
2084,2085,3
2085,2086,3
2086,2087,3
2087,2088,3
2088,2089,3
2089,2090,3
2090,2091,3
2091,2092,3
2092,2093,3
2093,2094,3
2094,2095,3
2095,2096,3
2096,2097,3
2097,2098,3
2098,2099,3
2099,2100,3
2100,2101,3
2101,2102,3
2102,2103,3
2103,2104,3
2104,2105,3
2105,2106,3
2106,2107,3
2107,2108,3
2108,2109,3
2109,2110,3
2110,2111,3
2111,2112,3
2112,2113,3
2113,2114,3
2114,2115,3
2115,2116,3
2116,2117,3
2117,2118,3
2118,2119,3
2119,2120,3
2120,2121,3
2121,2122,3
2122,2123,3
2123,2124,3
2124,2125,3
2125,2126,3
2126,2127,3
2127,2128,3
2128,2129,3
2129,2130,3
2130,2131,3
2131,2132,3
2132,2133,3
2133,2134,3
2134,2135,3
2135,2136,3
2136,2137,3
2137,2138,3
2138,2139,3
2139,2140,3
2140,2141,3
2141,2142,3
2142,2143,3
2143,2144,3
2144,2145,3
2145,2146,3
2146,2147,3
2147,2148,3
2148,2149,3
2149,2150,3
2150,2151,3
2151,2152,3
2152,2153,3
2153,2154,3
2154,2155,3
2155,2156,3
2156,2157,3
2157,2158,3
2158,2159,3
2159,2160,3
2160,2161,3
2161,2162,3
2162,2163,3
2163,2164,3
2164,2165,3
2165,2166,3
2166,2167,3
2167,2168,3
2168,2169,3
2169,2170,3
2170,2171,3
2171,2172,3
2172,2173,3
2173,2174,3
2174,2175,3
2175,2176,3
2176,2177,3
2177,2178,3
2178,2179,3
2179,2180,3
2180,2181,3
2181,2182,3
2182,2183,3
2183,2184,3
2184,2185,3
2185,2186,3
2186,2187,3
2187,2188,3
2188,2189,3
2189,2190,3
2190,2191,3
2191,2192,3
2192,2193,3
2193,2194,3
2194,2195,3
2195,2196,3
2196,2197,3
2197,2198,3
2198,2199,3
2199,2200,3
2200,2201,3
2201,2202,3
2202,2203,3
2203,2204,3
2204,2205,3
2205,2206,3
2206,2207,3
2207,2208,3
2208,2209,3
2209,2210,3
2210,2211,3
2211,2212,3
2212,2213,3
2213,2214,3
2214,2215,3
2215,2216,3
2216,2217,3
2217,2218,3
2218,2219,3
2219,2220,3
2220,2221,3
2221,2222,3
2222,2223,3
2223,2224,3
2224,2225,3
2225,2226,3
2226,2227,3
2227,2228,3
2228,2229,3
2229,2230,3
2230,2231,3
2231,2232,3
2232,2233,3
2233,2234,3
2234,2235,3
2235,2236,3
2236,2237,3
2237,2238,3
2238,2239,3
2239,2240,3
2240,2241,3
2241,2242,3
2242,2243,3
2243,2244,3
2244,2245,3
2245,2246,3
2246,2247,3
2247,2248,3
2248,2249,3
2249,2250,3
2250,2251,3
2251,2252,3
2252,2253,3
2253,2254,3
2254,2255,3
2255,2256,3
2256,2257,3
2257,2258,3
2258,2259,3
2259,2260,3
2260,2261,3
2261,2262,3
2262,2263,3
2263,2264,3
2264,2265,3
2265,2266,3
2266,2267,3
2267,2268,3
2268,2269,3
2269,2270,3
2270,2271,3
2271,2272,3
2272,2273,3
2273,2274,3
2274,2275,3
2275,2276,3
2276,2277,3
2277,2278,3
2278,2279,3
2279,2280,3
2280,2281,3
2281,2282,3
2282,2283,3
2283,2284,3
2284,2285,3
2285,2286,3
2286,2287,3
2287,2288,3
2288,2289,3
2289,2290,3
2290,2291,3
2291,2292,3
2292,2293,3
2293,2294,3
2294,2295,3
2295,2296,3
2296,2297,3
2297,2298,3
2298,2299,3
2299,2300,3
2300,2301,3
2301,2302,3
2302,2303,3
2303,2304,3
2304,2305,3
2305,2306,3
2306,2307,3
2307,2308,3
2308,2309,3
2309,2310,3
2310,2311,3
2311,2312,3
2312,2313,3
2313,2314,3
2314,2315,3
2315,2316,3
2316,2317,3
2317,2318,3
2318,2319,3
2319,2320,3
2320,2321,3
2321,2322,3
2322,2323,3
2323,2324,3
2324,2325,3
2325,2326,3
2326,2327,3
2327,2328,3
2328,2329,3
2329,2330,3
2330,2331,3
2331,2332,3
2332,2333,3
2333,2334,3
2334,2335,3
2335,2336,3
2336,2337,3
2337,2338,3
2338,2339,3
2339,2340,3
2340,2341,3
2341,2342,3
2342,2343,3
2343,2344,3
2344,2345,3
2345,2346,3
2346,2347,3
2347,2348,3
2348,2349,3
2349,2350,3
2350,2351,3
2351,2352,3
2352,2353,3
2353,2354,3
2354,2355,3
2355,2356,3
2356,2357,3
2357,2358,3
2358,2359,3
2359,2360,3
2360,2361,3
2361,2362,3
2362,2363,3
2363,2364,3
2364,2365,3
2365,2366,3
2366,2367,3
2367,2368,3
2368,2369,3
2369,2370,3
2370,2371,3
2371,2372,3
2372,2373,3
2373,2374,3
2374,2375,3
2375,2376,3
2376,2377,3
2377,2378,3
2378,2379,3
2379,2380,3
2380,2381,3
2381,2382,3
2382,2383,3
2383,2384,3
2384,2385,3
2385,2386,3
2386,2387,3
2387,2388,3
2388,2389,3
2389,2390,3
2390,2391,3
2391,2392,3
2392,2393,3
2393,2394,3
2394,2395,3
2395,2396,3
2396,2397,3
2397,2398,3
2398,2399,3
2399,2400,3
2400,2401,3
2401,2402,3
2402,2403,3
2403,2404,3
2404,2405,3
2405,2406,3
2406,2407,3
2407,2408,3
2408,2409,3
2409,2410,3
2410,2411,3
2411,2412,3
2412,2413,3
2413,2414,3
2414,2415,3
2415,2416,3
2416,2417,3
2417,2418,3
2418,2419,3
2419,2420,3
2420,2421,3
2421,2422,3
2422,2423,3
2423,2424,3
2424,2425,3
2425,2426,3
2426,2427,3
2427,2428,3
2428,2429,3
2429,2430,3
2430,2431,3
2431,2432,3
2432,2433,3
2433,2434,3
2434,2435,3
2435,2436,3
2436,2437,3
2437,2438,3
2438,2439,3
2439,2440,3
2440,2441,3
2441,2442,3
2442,2443,3
2443,2444,3
2444,2445,3
2445,2446,3
2446,2447,3
2447,2448,3
2448,2449,3
2449,2450,3
2450,2451,3
2451,2452,3
2452,2453,3
2453,2454,3
2454,2455,3
2455,2456,3
2456,2457,3
2457,2458,3
2458,2459,3
2459,2460,3
2460,2461,3
2461,2462,3
2462,2463,3
2463,2464,3
2464,2465,3
2465,2466,3
2466,2467,3
2467,2468,3
2468,2469,3
2469,2470,3
2470,2471,3
2471,2472,3
2472,2473,3
2473,2474,3
2474,2475,3
2475,2476,3
2476,2477,3
2477,2478,3
2478,2479,3
2479,2480,3
2480,2481,3
2481,2482,3
2482,2483,3
2483,2484,3
2484,2485,3
2485,2486,3
2486,2487,3
2487,2488,3
2488,2489,3
2489,2490,3
2490,2491,3
2491,2492,3
2492,2493,3
2493,2494,3
2494,2495,3
2495,2496,3
2496,2497,3
2497,2498,3
2498,2499,3
2499,2500,3
2500,2501,3
2501,2502,3
2502,2503,3
2503,2504,3
2504,2505,3
2505,2506,3
2506,2507,3
2507,2508,3
2508,2509,3
2509,2510,3
2510,2511,3
2511,2512,3
2512,2513,3
2513,2514,3
2514,2515,3
2515,2516,3
2516,2517,3
2517,2518,3
2518,2519,3
2519,2520,3
2520,2521,3
2521,2522,3
2522,2523,3
2523,2524,3
2524,2525,3
2525,2526,3
2526,2527,3
2527,2528,3
2528,2529,3
2529,2530,3
2530,2531,3
2531,2532,3
2532,2533,3
2533,2534,3
2534,2535,3
2535,2536,3
2536,2537,3
2537,2538,3
2538,2539,3
2539,2540,3
2540,2541,3
2541,2542,3
2542,2543,3
2543,2544,3
2544,2545,3
2545,2546,3
2546,2547,3
2547,2548,3
2548,2549,3
2549,2550,3
2550,2551,3
2551,2552,3
2552,2553,3
2553,2554,4
2554,2555,4
2555,2556,4
2556,2557,4
2557,2558,4
2558,2559,4
2559,2560,4
2560,2561,4
2561,2562,4
2562,2563,4
2563,2564,4
2564,2565,4
2565,2566,4
2566,2567,4
2567,2568,4
2568,2569,4
2569,2570,4
2570,2571,4
2571,2572,4
2572,2573,4
2573,2574,4
2574,2575,4
2575,2576,4
2576,2577,4
2577,2578,4
2578,2579,4
2579,2580,4
2580,2581,4
2581,2582,4
2582,2583,4
2583,2584,4
2584,2585,4
2585,2586,4
2586,2587,4
2587,2588,4
2588,2589,4
2589,2590,4
2590,2591,4
2591,2592,4
2592,2593,4
2593,2594,4
2594,2595,4
2595,2596,4
2596,2597,4
2597,2598,4
2598,2599,4
2599,2600,4
2600,2601,4
2601,2602,4
2602,2603,4
2603,2604,4
2604,2605,4
2605,2606,4
2606,2607,4
2607,2608,4
2608,2609,4
2609,2610,4
2610,2611,4
2611,2612,4
2612,2613,4
2613,2614,4
2614,2615,4
2615,2616,4
2616,2617,4
2617,2618,4
2618,2619,4
2619,2620,4
2620,2621,4
2621,2622,4
2622,2623,4
2623,2624,4
2624,2625,4
2625,2626,4
2626,2627,4
2627,2628,4
2628,2629,4
2629,2630,4
2630,2631,4
2631,2632,4
2632,2633,4
2633,2634,4
2634,2635,4
2635,2636,4
2636,2637,4
2637,2638,4
2638,2639,4
2639,2640,4
2640,2641,4
2641,2642,4
2642,2643,4
2643,2644,4
2644,2645,4
2645,2646,4
2646,2647,4
2647,2648,4
2648,2649,4
2649,2650,4
2650,2651,4
2651,2652,4
2652,2653,4
2653,2654,4
2654,2655,4
2655,2656,4
2656,2657,4
2657,2658,4
2658,2659,4
2659,2660,4
2660,2661,4
2661,2662,4
2662,2663,4
2663,2664,4
2664,2665,4
2665,2666,4
2666,2667,4
2667,2668,4
2668,2669,4
2669,2670,4
2670,2671,4
2671,2672,4
2672,2673,4
2673,2674,4
2674,2675,4
2675,2676,4
2676,2677,4
2677,2678,4
2678,2679,4
2679,2680,4
2680,2681,4
2681,2682,4
2682,2683,4
2683,2684,4
2684,2685,4
2685,2686,4
2686,2687,4
2687,2688,4
2688,2689,4
2689,2690,4
2690,2691,4
2691,2692,4
2692,2693,4
2693,2694,4
2694,2695,4
2695,2696,4
2696,2697,4
2697,2698,4
2698,2699,4
2699,2700,4
2700,2701,4
2701,2702,4
2702,2703,4
2703,2704,4
2704,2705,4
2705,2706,4
2706,2707,4
2707,2708,4
2708,2709,4
2709,2710,4
2710,2711,4
2711,2712,4
2712,2713,4
2713,2714,4
2714,2715,4
2715,2716,4
2716,2717,4
2717,2718,4
2718,2719,4
2719,2720,4
2720,2721,4
2721,2722,4
2722,2723,4
2723,2724,4
2724,2725,4
2725,2726,4
2726,2727,4
2727,2728,4
2728,2729,4
2729,2730,4
2730,2731,4
2731,2732,4
2732,2733,4
2733,2734,4
2734,2735,4
2735,2736,4
2736,2737,4
2737,2738,4
2738,2739,4
2739,2740,4
2740,2741,4
2741,2742,4
2742,2743,4
2743,2744,4
2744,2745,4
2745,2746,4
2746,2747,4
2747,2748,4
2748,2749,4
2749,2750,4
2750,2751,4
2751,2752,4
2752,2753,4
2753,2754,4
2754,2755,4
2755,2756,4
2756,2757,4
2757,2758,4
2758,2759,4
2759,2760,4
2760,2761,4
2761,2762,4
2762,2763,4
2763,2764,4
2764,2765,4
2765,2766,4
2766,2767,4
2767,2768,4
2768,2769,4
2769,2770,4
2770,2771,4
2771,2772,4
2772,2773,4
2773,2774,4
2774,2775,4
2775,2776,4
2776,2777,4
2777,2778,4
2778,2779,4
2779,2780,4
2780,2781,4
2781,2782,4
2782,2783,4
2783,2784,4
2784,2785,4
2785,2786,4
2786,2787,4
2787,2788,4
2788,2789,4
2789,2790,4
2790,2791,4
2791,2792,4
2792,2793,4
2793,2794,4
2794,2795,4
2795,2796,4
2796,2797,4
2797,2798,4
2798,2799,4
2799,2800,4
2800,2801,4
2801,2802,4
2802,2803,4
2803,2804,4
2804,2805,4
2805,2806,4
2806,2807,4
2807,2808,4
2808,2809,4
2809,2810,4
2810,2811,4
2811,2812,4
2812,2813,4
2813,2814,4
2814,2815,4
2815,2816,4
2816,2817,4
2817,2818,4
2818,2819,4
2819,2820,4
2820,2821,4
2821,2822,4
2822,2823,4
2823,2824,4
2824,2825,4
2825,2826,4
2826,2827,4
2827,2828,4
2828,2829,4
2829,2830,4
2830,2831,4
2831,2832,4
2832,2833,4
2833,2834,4
2834,2835,4
2835,2836,4
2836,2837,4
2837,2838,4
2838,2839,4
2839,2840,4
2840,2841,4
2841,2842,4
2842,2843,4
2843,2844,4
2844,2845,4
2845,2846,4
2846,2847,4
2847,2848,4
2848,2849,4
2849,2850,4
2850,2851,4
2851,2852,4
2852,2853,4
2853,2854,4
2854,2855,4
2855,2856,4
2856,2857,4
2857,2858,4
2858,2859,4
2859,2860,4
2860,2861,4
2861,2862,4
2862,2863,4
2863,2864,4
2864,2865,4
2865,2866,4
2866,2867,4
2867,2868,4
2868,2869,4
2869,2870,4
2870,2871,4
2871,2872,4
2872,2873,4
2873,2874,4
2874,2875,4
2875,2876,4
2876,2877,4
2877,2878,4
2878,2879,4
2879,2880,4
2880,2881,4
2881,2882,4
2882,2883,4
2883,2884,4
2884,2885,4
2885,2886,4
2886,2887,4
2887,2888,4
2888,2889,4
2889,2890,4
2890,2891,4
2891,2892,4
2892,2893,4
2893,2894,4
2894,2895,4
2895,2896,4
2896,2897,4
2897,2898,4
2898,2899,4
2899,2900,4
2900,2901,4
2901,2902,4
2902,2903,4
2903,2904,4
2904,2905,4
2905,2906,4
2906,2907,4
2907,2908,4
2908,2909,4
2909,2910,4
2910,2911,4
2911,2912,4
2912,2913,4
2913,2914,4
2914,2915,4
2915,2916,4
2916,2917,4
2917,2918,4
2918,2919,4
2919,2920,4
2920,2921,4
2921,2922,4
2922,2923,4
2923,2924,4
2924,2925,4
2925,2926,4
2926,2927,4
2927,2928,4
2928,2929,4
2929,2930,4
2930,2931,4
2931,2932,4
2932,2933,4
2933,2934,4
2934,2935,4
2935,2936,4
2936,2937,4
2937,2938,4
2938,2939,4
2939,2940,4
2940,2941,4
2941,2942,4
2942,2943,4
2943,2944,4
2944,2945,4
2945,2946,4
2946,2947,4
2947,2948,4
2948,2949,4
2949,2950,4
2950,2951,4
2951,2952,4
2952,2953,4
2953,2954,4
2954,2955,4
2955,2956,4
2956,2957,4
2957,2958,4
2958,2959,4
2959,2960,4
2960,2961,4
2961,2962,4
2962,2963,4
2963,2964,4
2964,2965,4
2965,2966,4
2966,2967,4
2967,2968,4
2968,2969,4
2969,2970,4
2970,2971,4
2971,2972,4
2972,2973,4
2973,2974,4
2974,2975,4
2975,2976,4
2976,2977,4
2977,2978,4
2978,2979,4
2979,2980,4
2980,2981,4
2981,2982,4
2982,2983,4
2983,2984,4
2984,2985,4
2985,2986,4
2986,2987,4
2987,2988,4
2988,2989,4
2989,2990,4
2990,2991,4
2991,2992,4
2992,2993,4
2993,2994,4
2994,2995,4
2995,2996,4
2996,2997,4
2997,2998,4
2998,2999,4
2999,3000,4
3000,3001,4
3001,3002,4
3002,3003,4
3003,3004,4
3004,3005,4
3005,3006,4
3006,3007,4
3007,3008,4
3008,3009,4
3009,3010,4
3010,3011,4
3011,3012,4
3012,3013,4
3013,3014,4
3014,3015,4
3015,3016,4
3016,3017,4
3017,3018,4
3018,3019,4
3019,3020,4
3020,3021,4
3021,3022,4
3022,3023,4
3023,3024,4
3024,3025,4
3025,3026,4
3026,3027,4
3027,3028,4
3028,3029,4
3029,3030,4
3030,3031,4
3031,3032,4
3032,3033,4
3033,3034,4
3034,3035,4
3035,3036,4
3036,3037,4
3037,3038,4
3038,3039,4
3039,3040,4
3040,3041,4
3041,3042,4
3042,3043,4
3043,3044,4
3044,3045,4
3045,3046,4
3046,3047,4
3047,3048,4
3048,3049,4
3049,3050,4
3050,3051,4
3051,3052,4
3052,3053,4
3053,3054,4
3054,3055,4
3055,3056,4
3056,3057,4
3057,3058,4
3058,3059,4
3059,3060,4
3060,3061,4
3061,3062,4
3062,3063,4
3063,3064,4
3064,3065,4
3065,3066,4
3066,3067,4
3067,3068,4
3068,3069,4
3069,3070,4
3070,3071,4
3071,3072,4
3072,3073,4
3073,3074,4
3074,3075,4
3075,3076,4
3076,3077,4
3077,3078,4
3078,3079,4
3079,3080,4
3080,3081,4
3081,3082,4
3082,3083,4
3083,3084,4
3084,3085,4
3085,3086,4
3086,3087,4
3087,3088,4
3088,3089,4
3089,3090,4
3090,3091,4
3091,3092,4
3092,3093,4
3093,3094,4
3094,3095,4
3095,3096,4
3096,3097,4
3097,3098,4
3098,3099,4
3099,3100,4
3100,3101,4
3101,3102,4
3102,3103,4
3103,3104,4
3104,3105,4
3105,3106,4
3106,3107,4
3107,3108,4
3108,3109,4
3109,3110,4
3110,3111,4
3111,3112,4
3112,3113,4
3113,3114,4
3114,3115,4
3115,3116,4
3116,3117,4
3117,3118,4
3118,3119,4
3119,3120,4
3120,3121,4
3121,3122,4
3122,3123,4
3123,3124,4
3124,3125,4
3125,3126,4
3126,3127,4
3127,3128,4
3128,3129,4
3129,3130,4
3130,3131,4
3131,3132,4
3132,3133,4
3133,3134,4
3134,3135,4
3135,3136,4
3136,3137,4
3137,3138,4
3138,3139,4
3139,3140,4
3140,3141,4
3141,3142,4
3142,3143,4
3143,3144,4
3144,3145,4
3145,3146,4
3146,3147,4
3147,3148,4
3148,3149,4
3149,3150,4
3150,3151,4
3151,3152,4
3152,3153,4
3153,3154,4
3154,3155,4
3155,3156,4
3156,3157,4
3157,3158,4
3158,3159,4
3159,3160,4
3160,3161,4
3161,3162,4
3162,3163,4
3163,3164,4
3164,3165,4
3165,3166,4
3166,3167,4
3167,3168,4
3168,3169,4
3169,3170,4
3170,3171,4
3171,3172,4
3172,3173,4
3173,3174,4
3174,3175,4
3175,3176,4
3176,3177,4
3177,3178,4
3178,3179,4
3179,3180,4
3180,3181,4
3181,3182,4
3182,3183,4
3183,3184,4
3184,3185,4
3185,3186,4
3186,3187,4
3187,3188,4
3188,3189,4
3189,3190,4
3190,3191,4
3191,3192,4
3192,3193,4
3193,3194,4
